{
  "name": "angular-touch",
  "version": "1.4.7",
  "main": "./angular-touch.js",
  "ignore": [],
  "dependencies": {
    "angular": "1.4.7"
  },
  "homepage": "https://github.com/angular/bower-angular-touch",
  "_release": "1.4.7",
  "_resolution": {
    "type": "version",
    "tag": "v1.4.7",
    "commit": "26e246067f34b25e17f214605148d444b7c7e23f"
  },
  "_source": "git://github.com/angular/bower-angular-touch.git",
  "_target": "1.4.7",
  "_originalSource": "angular-touch",
  "_direct": true
}