{
  "name": "angular-route",
  "version": "1.4.7",
  "main": "./angular-route.js",
  "ignore": [],
  "dependencies": {
    "angular": "1.4.7"
  },
  "homepage": "https://github.com/angular/bower-angular-route",
  "_release": "1.4.7",
  "_resolution": {
    "type": "version",
    "tag": "v1.4.7",
    "commit": "f6f9c6760d15a993776afd5d2fafb456ee1e09d9"
  },
  "_source": "git://github.com/angular/bower-angular-route.git",
  "_target": "1.4.7",
  "_originalSource": "angular-route",
  "_direct": true
}